<?xml version="1.0" encoding="UTF-8"?>
<root>
  <item name="androidx.core.widget.AutoSizeableTextView int getAutoSizeTextType()">
    <annotation name="androidx.annotation.IntDef">
      <val name="value" val="{androidx.core.widget.TextViewCompat.AUTO_SIZE_TEXT_TYPE_NONE, androidx.core.widget.TextViewCompat.AUTO_SIZE_TEXT_TYPE_UNIFORM}" />
    </annotation>
  </item>
  <item name="androidx.core.widget.AutoSizeableTextView void setAutoSizeTextTypeWithDefaults(int) 0">
    <annotation name="androidx.annotation.IntDef">
      <val name="value" val="{androidx.core.widget.TextViewCompat.AUTO_SIZE_TEXT_TYPE_NONE, androidx.core.widget.TextViewCompat.AUTO_SIZE_TEXT_TYPE_UNIFORM}" />
    </annotation>
  </item>
  <item name="androidx.core.widget.RichContentReceiverCompat boolean onReceive(T, android.content.ClipData, int, int) 2">
    <annotation name="androidx.annotation.IntDef">
      <val name="value" val="{androidx.core.widget.RichContentReceiverCompat.SOURCE_CLIPBOARD, androidx.core.widget.RichContentReceiverCompat.SOURCE_INPUT_METHOD}" />
    </annotation>
  </item>
  <item name="androidx.core.widget.RichContentReceiverCompat boolean onReceive(T, android.content.ClipData, int, int) 3">
    <annotation name="androidx.annotation.IntDef">
      <val name="flag" val="true" />
      <val name="value" val="{androidx.core.widget.RichContentReceiverCompat.FLAG_CONVERT_TO_PLAIN_TEXT}" />
    </annotation>
  </item>
  <item name="androidx.core.widget.TextViewCompat.AutoSizeTextType">
    <annotation name="androidx.annotation.IntDef">
      <val name="value" val="{androidx.core.widget.TextViewCompat.AUTO_SIZE_TEXT_TYPE_NONE, androidx.core.widget.TextViewCompat.AUTO_SIZE_TEXT_TYPE_UNIFORM}" />
    </annotation>
  </item>
  <item name="androidx.core.widget.TextViewRichContentReceiverCompat boolean onReceive(android.widget.TextView, android.content.ClipData, int, int) 2">
    <annotation name="androidx.annotation.IntDef">
      <val name="value" val="{androidx.core.widget.RichContentReceiverCompat.SOURCE_CLIPBOARD, androidx.core.widget.RichContentReceiverCompat.SOURCE_INPUT_METHOD}" />
    </annotation>
  </item>
  <item name="androidx.core.widget.TextViewRichContentReceiverCompat boolean onReceive(android.widget.TextView, android.content.ClipData, int, int) 3">
    <annotation name="androidx.annotation.IntDef">
      <val name="flag" val="true" />
      <val name="value" val="{androidx.core.widget.RichContentReceiverCompat.FLAG_CONVERT_TO_PLAIN_TEXT}" />
    </annotation>
  </item>
</root>

